1,BIG5_QUICK_01,大五人格快速評估,全面評估五大人格特質，適合一般人格評估、個人成長、職業規劃,1,我不把注意力放在手頭的任務上。,0.900,1,H854,NEO5-20,NEO五因素人格量表-20題,NEO Five-Factor Inventory - 20 items,Conscientiousness,盡責性,
1,BIG5_QUICK_01,大五人格快速評估,全面評估五大人格特質，適合一般人格評估、個人成長、職業規劃,2,我不喜歡詩歌。,0.890,1,X45,NEO5-20,NEO五因素人格量表-20題,NEO Five-Factor Inventory - 20 items,Openness To Experience,開放性,
1,BIG5_QUICK_01,大五人格快速評估,全面評估五大人格特質，適合一般人格評估、個人成長、職業規劃,3,我關心他人的健康。,0.880,1,H225,BFAS-20,大五人格簡短量表-20題,Big Five Aspect Scales - 20 items,Agreeableness,親和性,
1,BIG5_QUICK_01,大五人格快速評估,全面評估五大人格特質，適合一般人格評估、個人成長、職業規劃,4,我對他人的感受漠不關心。,0.880,1,X203,BFAS-20,大五人格簡短量表-20題,Big Five Aspect Scales - 20 items,Agreeableness,親和性,
1,BIG5_QUICK_01,大五人格快速評估,全面評估五大人格特質，適合一般人格評估、個人成長、職業規劃,5,我是個非常隱私的人。,0.910,1,H589,BFAS-20,大五人格簡短量表-20題,Big Five Aspect Scales - 20 items,Extraversion,外向性,
1,BIG5_QUICK_01,大五人格快速評估,全面評估五大人格特質，適合一般人格評估、個人成長、職業規劃,6,我能把話說得很漂亮。,0.890,1,H1247,NEO5-20,NEO五因素人格量表-20題,NEO Five-Factor Inventory - 20 items,Openness To Experience,開放性,
1,BIG5_QUICK_01,大五人格快速評估,全面評估五大人格特質，適合一般人格評估、個人成長、職業規劃,7,我容易感到沮喪。,0.890,1,H647,BFAS,大五人格簡短量表,Big Five Aspect Scales,Neuroticism,神經質,
1,BIG5_QUICK_01,大五人格快速評估,全面評估五大人格特質，適合一般人格評估、個人成長、職業規劃,8,我知道如何吸引人。,0.910,1,H1110,BFAS-20,大五人格簡短量表-20題,Big Five Aspect Scales - 20 items,Extraversion,外向性,
1,BIG5_QUICK_01,大五人格快速評估,全面評估五大人格特質，適合一般人格評估、個人成長、職業規劃,9,我與幾乎每個人都相處融洽。,0.880,1,H37,BFAS-20,大五人格簡短量表-20題,Big Five Aspect Scales - 20 items,Agreeableness,親和性,
1,BIG5_QUICK_01,大五人格快速評估,全面評估五大人格特質，適合一般人格評估、個人成長、職業規劃,10,我相信太多稅金用於支持藝術家。,0.890,1,X20,NEO5-20,NEO五因素人格量表-20題,NEO Five-Factor Inventory - 20 items,Openness To Experience,開放性,
1,BIG5_QUICK_01,大五人格快速評估,全面評估五大人格特質，適合一般人格評估、個人成長、職業規劃,11,我把事情留下未完成。,0.900,1,H928,NEO5-20,NEO五因素人格量表-20題,NEO Five-Factor Inventory - 20 items,Conscientiousness,盡責性,
1,BIG5_QUICK_01,大五人格快速評估,全面評估五大人格特質，適合一般人格評估、個人成長、職業規劃,12,我沒什麼話可說。,0.910,1,H1039,BFAS-20,大五人格簡短量表-20題,Big Five Aspect Scales - 20 items,Extraversion,外向性,
1,BIG5_QUICK_01,大五人格快速評估,全面評估五大人格特質，適合一般人格評估、個人成長、職業規劃,13,我很難被了解。,0.880,1,"H596, X9",BFAS-20,大五人格簡短量表-20題,Big Five Aspect Scales - 20 items,Agreeableness,親和性,
1,BIG5_QUICK_01,大五人格快速評估,全面評估五大人格特質，適合一般人格評估、個人成長、職業規劃,14,我害怕很多事情。,0.890,1,H968,BFAS,大五人格簡短量表,Big Five Aspect Scales,Neuroticism,神經質,
1,BIG5_QUICK_01,大五人格快速評估,全面評估五大人格特質，適合一般人格評估、個人成長、職業規劃,15,我對抽象概念不感興趣。,0.890,1,X228,NEO5-20,NEO五因素人格量表-20題,NEO Five-Factor Inventory - 20 items,Openness To Experience,開放性,
1,BIG5_QUICK_01,大五人格快速評估,全面評估五大人格特質，適合一般人格評估、個人成長、職業規劃,16,我把事情搞砸。,0.900,1,H896,NEO5-20,NEO五因素人格量表-20題,NEO Five-Factor Inventory - 20 items,Conscientiousness,盡責性,
1,BIG5_QUICK_01,大五人格快速評估,全面評估五大人格特質，適合一般人格評估、個人成長、職業規劃,17,我壓抑自己的感受。,0.910,1,H1146,BFAS-20,大五人格簡短量表-20題,Big Five Aspect Scales - 20 items,Extraversion,外向性,
1,BIG5_QUICK_01,大五人格快速評估,全面評估五大人格特質，適合一般人格評估、個人成長、職業規劃,18,我喜愛孩子。,0.880,1,X73,BFAS-20,大五人格簡短量表-20題,Big Five Aspect Scales - 20 items,Agreeableness,親和性,
1,BIG5_QUICK_01,大五人格快速評估,全面評估五大人格特質，適合一般人格評估、個人成長、職業規劃,19,我不介意成為注意力的焦點。,0.910,1,X78,BFAS-20,大五人格簡短量表-20題,Big Five Aspect Scales - 20 items,Extraversion,外向性,
1,BIG5_QUICK_01,大五人格快速評估,全面評估五大人格特質，適合一般人格評估、個人成長、職業規劃,20,我在人群中感到自在。,0.910,1,X112,BFAS-20,大五人格簡短量表-20題,Big Five Aspect Scales - 20 items,Extraversion,外向性,
1,BIG5_QUICK_01,大五人格快速評估,全面評估五大人格特質，適合一般人格評估、個人成長、職業規劃,21,我不容易被激怒。,0.890,1,X23,BFAS,大五人格簡短量表,Big Five Aspect Scales,Neuroticism,神經質,
1,BIG5_QUICK_01,大五人格快速評估,全面評估五大人格特質，適合一般人格評估、個人成長、職業規劃,22,我與人相處感到自在。,0.910,1,H1,BFAS-20,大五人格簡短量表-20題,Big Five Aspect Scales - 20 items,Extraversion,外向性,
1,BIG5_QUICK_01,大五人格快速評估,全面評估五大人格特質，適合一般人格評估、個人成長、職業規劃,23,我執行我的計劃。,0.900,1,H258,NEO5-20,NEO五因素人格量表-20題,NEO Five-Factor Inventory - 20 items,Conscientiousness,盡責性,
1,BIG5_QUICK_01,大五人格快速評估,全面評估五大人格特質，適合一般人格評估、個人成長、職業規劃,24,我對事情充滿疑慮。,0.890,1,H683,BFAS,大五人格簡短量表,Big Five Aspect Scales,Neuroticism,神經質,
1,BIG5_QUICK_01,大五人格快速評估,全面評估五大人格特質，適合一般人格評估、個人成長、職業規劃,25,我完成我開始的事。,0.900,1,H254,NEO5-20,NEO五因素人格量表-20題,NEO Five-Factor Inventory - 20 items,Conscientiousness,盡責性,
1,BIG5_QUICK_01,大五人格快速評估,全面評估五大人格特質，適合一般人格評估、個人成長、職業規劃,26,我不喜歡引起注意。,0.910,1,X68,BFAS-20,大五人格簡短量表-20題,Big Five Aspect Scales - 20 items,Extraversion,外向性,
1,BIG5_QUICK_01,大五人格快速評估,全面評估五大人格特質，適合一般人格評估、個人成長、職業規劃,27,我能將對話提升到更高層次。,0.890,1,H1227,NEO5-20,NEO五因素人格量表-20題,NEO Five-Factor Inventory - 20 items,Openness To Experience,開放性,
1,BIG5_QUICK_01,大五人格快速評估,全面評估五大人格特質，適合一般人格評估、個人成長、職業規劃,28,我的心情經常變化。,0.890,1,H926,BFAS,大五人格簡短量表,Big Five Aspect Scales,Neuroticism,神經質,
1,BIG5_QUICK_01,大五人格快速評估,全面評估五大人格特質，適合一般人格評估、個人成長、職業規劃,29,我需要推動才能開始。,0.900,1,H969,NEO5-20,NEO五因素人格量表-20題,NEO Five-Factor Inventory - 20 items,Conscientiousness,盡責性,
1,BIG5_QUICK_01,大五人格快速評估,全面評估五大人格特質，適合一般人格評估、個人成長、職業規劃,30,我對每個人都有好話說。,0.880,1,H22,BFAS-20,大五人格簡短量表-20題,Big Five Aspect Scales - 20 items,Agreeableness,親和性,
1,BIG5_QUICK_01,大五人格快速評估,全面評估五大人格特質，適合一般人格評估、個人成長、職業規劃,31,我成功完成任務。,0.900,1,H1285,NEO5-20,NEO五因素人格量表-20題,NEO Five-Factor Inventory - 20 items,Conscientiousness,盡責性,
1,BIG5_QUICK_01,大五人格快速評估,全面評估五大人格特質，適合一般人格評估、個人成長、職業規劃,32,我避免哲學討論。,0.890,1,X248,NEO5-20,NEO五因素人格量表-20題,NEO Five-Factor Inventory - 20 items,Openness To Experience,開放性,
1,BIG5_QUICK_01,大五人格快速評估,全面評估五大人格特質，適合一般人格評估、個人成長、職業規劃,33,我對自己感到自在。,0.890,1,X129,BFAS,大五人格簡短量表,Big Five Aspect Scales,Neuroticism,神經質,
1,BIG5_QUICK_01,大五人格快速評估,全面評估五大人格特質，適合一般人格評估、個人成長、職業規劃,34,我不會把事情做完。,0.900,1,H885,NEO5-20,NEO五因素人格量表-20題,NEO Five-Factor Inventory - 20 items,Conscientiousness,盡責性,
1,BIG5_QUICK_01,大五人格快速評估,全面評估五大人格特質，適合一般人格評估、個人成長、職業規劃,35,我相信藝術的重要性。,0.890,1,X123,NEO5-20,NEO五因素人格量表-20題,NEO Five-Factor Inventory - 20 items,Openness To Experience,開放性,
1,BIG5_QUICK_01,大五人格快速評估,全面評估五大人格特質，適合一般人格評估、個人成長、職業規劃,36,我不喜歡去美術館。,0.890,1,X235,NEO5-20,NEO五因素人格量表-20題,NEO Five-Factor Inventory - 20 items,Openness To Experience,開放性,
1,BIG5_QUICK_01,大五人格快速評估,全面評估五大人格特質，適合一般人格評估、個人成長、職業規劃,37,我貫徹我的計劃。,0.900,1,X196,NEO5-20,NEO五因素人格量表-20題,NEO Five-Factor Inventory - 20 items,Conscientiousness,盡責性,
1,BIG5_QUICK_01,大五人格快速評估,全面評估五大人格特質，適合一般人格評估、個人成長、職業規劃,38,我被事件壓倒。,0.890,1,H959,BFAS,大五人格簡短量表,Big Five Aspect Scales,Neuroticism,神經質,
1,BIG5_QUICK_01,大五人格快速評估,全面評估五大人格特質，適合一般人格評估、個人成長、職業規劃,39,我對他人不太感興趣。,0.880,1,X165,BFAS-20,大五人格簡短量表-20題,Big Five Aspect Scales - 20 items,Agreeableness,親和性,
1,BIG5_QUICK_01,大五人格快速評估,全面評估五大人格特質，適合一般人格評估、個人成長、職業規劃,40,我是派對的靈魂人物。,0.910,1,,BFAS-20,大五人格簡短量表-20題,Big Five Aspect Scales - 20 items,Extraversion,外向性,
1,BIG5_QUICK_01,大五人格快速評估,全面評估五大人格特質，適合一般人格評估、個人成長、職業規劃,41,我知道如何安慰他人。,0.880,1,H173,BFAS-20,大五人格簡短量表-20題,Big Five Aspect Scales - 20 items,Agreeableness,親和性,
1,BIG5_QUICK_01,大五人格快速評估,全面評估五大人格特質，適合一般人格評估、個人成長、職業規劃,42,我不容易感到尷尬。,0.890,1,X242,BFAS,大五人格簡短量表,Big Five Aspect Scales,Neuroticism,神經質,
1,BIG5_QUICK_01,大五人格快速評估,全面評估五大人格特質，適合一般人格評估、個人成長、職業規劃,43,我對理論討論不感興趣。,0.890,1,X239,NEO5-20,NEO五因素人格量表-20題,NEO Five-Factor Inventory - 20 items,Openness To Experience,開放性,
1,BIG5_QUICK_01,大五人格快速評估,全面評估五大人格特質，適合一般人格評估、個人成長、職業規劃,44,我在陌生人面前很安靜。,0.910,1,"H661, X260",BFAS-20,大五人格簡短量表-20題,Big Five Aspect Scales - 20 items,Extraversion,外向性,
1,BIG5_QUICK_01,大五人格快速評估,全面評估五大人格特質，適合一般人格評估、個人成長、職業規劃,45,我不喜歡藝術。,0.890,1,X86,NEO5-20,NEO五因素人格量表-20題,NEO Five-Factor Inventory - 20 items,Openness To Experience,開放性,
1,BIG5_QUICK_01,大五人格快速評估,全面評估五大人格特質，適合一般人格評估、個人成長、職業規劃,46,我只做足夠的工作。,0.900,1,X115,NEO5-20,NEO五因素人格量表-20題,NEO Five-Factor Inventory - 20 items,Conscientiousness,盡責性,
1,BIG5_QUICK_01,大五人格快速評估,全面評估五大人格特質，適合一般人格評估、個人成長、職業規劃,47,我容易被激動。,0.890,1,H921,BFAS,大五人格簡短量表,Big Five Aspect Scales,Neuroticism,神經質,
1,BIG5_QUICK_01,大五人格快速評估,全面評估五大人格特質，適合一般人格評估、個人成長、職業規劃,48,我很少關心他人。,0.880,1,X244,BFAS-20,大五人格簡短量表-20題,Big Five Aspect Scales - 20 items,Agreeableness,親和性,
1,BIG5_QUICK_01,大五人格快速評估,全面評估五大人格特質，適合一般人格評估、個人成長、職業規劃,49,我是個情緒起伏的人。,0.890,1,,BFAS,大五人格簡短量表,Big Five Aspect Scales,Neuroticism,神經質,
1,BIG5_QUICK_01,大五人格快速評估,全面評估五大人格特質，適合一般人格評估、個人成長、職業規劃,50,我對人感興趣。,0.880,1,H21,BFAS-20,大五人格簡短量表-20題,Big Five Aspect Scales - 20 items,Agreeableness,親和性,
2,WORKPLACE_PERSONALITY_01,職場人格評估,評估職場相關人格特質，聚焦職場表現相關特質，適合人才招募、團隊配置,1,我喜歡狂野的幻想飛行。,0.890,1,X238,NEO5-20,NEO五因素人格量表-20題,NEO Five-Factor Inventory - 20 items,Openness To Experience,開放性,
2,WORKPLACE_PERSONALITY_01,職場人格評估,評估職場相關人格特質，聚焦職場表現相關特質，適合人才招募、團隊配置,2,我會為他人騰出時間。,0.880,1,H160,BFAS-20,大五人格簡短量表-20題,Big Five Aspect Scales - 20 items,Agreeableness,親和性,
2,WORKPLACE_PERSONALITY_01,職場人格評估,評估職場相關人格特質，聚焦職場表現相關特質，適合人才招募、團隊配置,3,我容易生氣。,0.910,1,"H754, X18",BFAS-20,大五人格簡短量表-20題,Big Five Aspect Scales - 20 items,Emotional Stability,情緒穩定性,
2,WORKPLACE_PERSONALITY_01,職場人格評估,評估職場相關人格特質，聚焦職場表現相關特質，適合人才招募、團隊配置,4,我對新想法感到興奮。,0.890,1,H5,NEO5-20,NEO五因素人格量表-20題,NEO Five-Factor Inventory - 20 items,Openness To Experience,開放性,
2,WORKPLACE_PERSONALITY_01,職場人格評估,評估職場相關人格特質，聚焦職場表現相關特質，適合人才招募、團隊配置,5,我是為了自己的個人利益。,0.850,1,H1325,NEO5-20,NEO五因素人格量表-20題,NEO Five-Factor Inventory - 20 items,Agreeableness,親和性,
2,WORKPLACE_PERSONALITY_01,職場人格評估,評估職場相關人格特質，聚焦職場表現相關特質，適合人才招募、團隊配置,6,我容易感到煩躁。,0.910,1,H761,BFAS-20,大五人格簡短量表-20題,Big Five Aspect Scales - 20 items,Emotional Stability,情緒穩定性,
2,WORKPLACE_PERSONALITY_01,職場人格評估,評估職場相關人格特質，聚焦職場表現相關特質，適合人才招募、團隊配置,7,我容易滿足。,0.850,1,H882,NEO5-20,NEO五因素人格量表-20題,NEO Five-Factor Inventory - 20 items,Agreeableness,親和性,
2,WORKPLACE_PERSONALITY_01,職場人格評估,評估職場相關人格特質，聚焦職場表現相關特質，適合人才招募、團隊配置,8,我馬上完成家務。,0.880,1,E119,BFAS-20,大五人格簡短量表-20題,Big Five Aspect Scales - 20 items,Conscientiousness,盡責性,
2,WORKPLACE_PERSONALITY_01,職場人格評估,評估職場相關人格特質，聚焦職場表現相關特質，適合人才招募、團隊配置,9,我容易驚慌。,0.910,1,"H948, X64",BFAS-20,大五人格簡短量表-20題,Big Five Aspect Scales - 20 items,Emotional Stability,情緒穩定性,
2,WORKPLACE_PERSONALITY_01,職場人格評估,評估職場相關人格特質，聚焦職場表現相關特質，適合人才招募、團隊配置,10,我會將他人批評得體無完膚。,0.850,1,H422,NEO5-20,NEO五因素人格量表-20題,NEO Five-Factor Inventory - 20 items,Agreeableness,親和性,
2,WORKPLACE_PERSONALITY_01,職場人格評估,評估職場相關人格特質，聚焦職場表現相關特質，適合人才招募、團隊配置,11,我避免與他人接觸。,0.910,1,H648,NEO5-20,NEO五因素人格量表-20題,NEO Five-Factor Inventory - 20 items,Extraversion,外向性,
2,WORKPLACE_PERSONALITY_01,職場人格評估,評估職場相關人格特質，聚焦職場表現相關特質，適合人才招募、團隊配置,12,我讓人們振作起來。,0.910,1,H1151,NEO5-20,NEO五因素人格量表-20題,NEO Five-Factor Inventory - 20 items,Extraversion,外向性,
2,WORKPLACE_PERSONALITY_01,職場人格評估,評估職場相關人格特質，聚焦職場表現相關特質，適合人才招募、團隊配置,13,我總是準備充分。,0.880,1,X87,BFAS-20,大五人格簡短量表-20題,Big Five Aspect Scales - 20 items,Conscientiousness,盡責性,
2,WORKPLACE_PERSONALITY_01,職場人格評估,評估職場相關人格特質，聚焦職場表現相關特質，適合人才招募、團隊配置,14,成為銷售或營銷總監。,0.870,1,,ORVIS,ORVIS,Oregon Vocational Interest Scales,Leadership,領導力,
2,WORKPLACE_PERSONALITY_01,職場人格評估,評估職場相關人格特質，聚焦職場表現相關特質，適合人才招募、團隊配置,15,我容易感到威脅。,0.910,1,H612,BFAS-20,大五人格簡短量表-20題,Big Five Aspect Scales - 20 items,Emotional Stability,情緒穩定性,
2,WORKPLACE_PERSONALITY_01,職場人格評估,評估職場相關人格特質，聚焦職場表現相關特質，適合人才招募、團隊配置,16,我容易沮喪。,0.910,1,X95,BFAS-20,大五人格簡短量表-20題,Big Five Aspect Scales - 20 items,Emotional Stability,情緒穩定性,
2,WORKPLACE_PERSONALITY_01,職場人格評估,評估職場相關人格特質，聚焦職場表現相關特質，適合人才招募、團隊配置,17,我喜歡整理。,0.880,1,"H244, X21",BFAS-20,大五人格簡短量表-20題,Big Five Aspect Scales - 20 items,Conscientiousness,盡責性,
2,WORKPLACE_PERSONALITY_01,職場人格評估,評估職場相關人格特質，聚焦職場表現相關特質，適合人才招募、團隊配置,18,我遵循時間表。,0.880,1,X179,BFAS-20,大五人格簡短量表-20題,Big Five Aspect Scales - 20 items,Conscientiousness,盡責性,
2,WORKPLACE_PERSONALITY_01,職場人格評估,評估職場相關人格特質，聚焦職場表現相關特質，適合人才招募、團隊配置,19,我很快就能親近他人。,0.910,1,"H52, X1",NEO5-20,NEO五因素人格量表-20題,NEO Five-Factor Inventory - 20 items,Extraversion,外向性,
2,WORKPLACE_PERSONALITY_01,職場人格評估,評估職場相關人格特質，聚焦職場表現相關特質，適合人才招募、團隊配置,20,我對工作要求嚴格。,0.880,1,X163,BFAS-20,大五人格簡短量表-20題,Big Five Aspect Scales - 20 items,Conscientiousness,盡責性,
2,WORKPLACE_PERSONALITY_01,職場人格評估,評估職場相關人格特質，聚焦職場表現相關特質，適合人才招募、團隊配置,21,我容易被打擾。,0.910,1,"H927, X213",BFAS-20,大五人格簡短量表-20題,Big Five Aspect Scales - 20 items,Emotional Stability,情緒穩定性,
2,WORKPLACE_PERSONALITY_01,職場人格評估,評估職場相關人格特質，聚焦職場表現相關特質，適合人才招募、團隊配置,22,我會開啟對話。,0.910,1,H16,BFAS-20,大五人格簡短量表-20題,Big Five Aspect Scales - 20 items,Extraversion,外向性,
2,WORKPLACE_PERSONALITY_01,職場人格評估,評估職場相關人格特質，聚焦職場表現相關特質，適合人才招募、團隊配置,23,我把房間弄得一團糟。,0.880,1,"H822, X16",BFAS-20,大五人格簡短量表-20題,Big Five Aspect Scales - 20 items,Conscientiousness,盡責性,
2,WORKPLACE_PERSONALITY_01,職場人格評估,評估職場相關人格特質，聚焦職場表現相關特質，適合人才招募、團隊配置,24,我首先考慮他人。,0.880,1,H126,BFAS-20,大五人格簡短量表-20題,Big Five Aspect Scales - 20 items,Agreeableness,親和性,
2,WORKPLACE_PERSONALITY_01,職場人格評估,評估職場相關人格特質，聚焦職場表現相關特質，適合人才招募、團隊配置,25,我執行我的計劃。,0.850,1,H258,NEO,NEO人格量表,NEO Personality Inventory,Self-discipline,自律,
2,WORKPLACE_PERSONALITY_01,職場人格評估,評估職場相關人格特質，聚焦職場表現相關特質，適合人才招募、團隊配置,26,我被情緒淹沒。,0.910,1,H950,BFAS-20,大五人格簡短量表-20題,Big Five Aspect Scales - 20 items,Emotional Stability,情緒穩定性,
2,WORKPLACE_PERSONALITY_01,職場人格評估,評估職場相關人格特質，聚焦職場表現相關特質，適合人才招募、團隊配置,27,我的詞彙量很豐富。,0.890,1,"H1276, X245",NEO5-20,NEO五因素人格量表-20題,NEO Five-Factor Inventory - 20 items,Openness To Experience,開放性,
2,WORKPLACE_PERSONALITY_01,職場人格評估,評估職場相關人格特質，聚焦職場表現相關特質，適合人才招募、團隊配置,28,我到處亂放東西。,0.880,1,H823,BFAS-20,大五人格簡短量表-20題,Big Five Aspect Scales - 20 items,Conscientiousness,盡責性,
2,WORKPLACE_PERSONALITY_01,職場人格評估,評估職場相關人格特質，聚焦職場表現相關特質，適合人才招募、團隊配置,29,我相信他人有善意。,0.850,1,H549,NEO5-20,NEO五因素人格量表-20題,NEO Five-Factor Inventory - 20 items,Agreeableness,親和性,
2,WORKPLACE_PERSONALITY_01,職場人格評估,評估職場相關人格特質，聚焦職場表現相關特質，適合人才招募、團隊配置,30,我反駁他人。,0.850,1,H808,NEO5-20,NEO五因素人格量表-20題,NEO Five-Factor Inventory - 20 items,Agreeableness,親和性,
2,WORKPLACE_PERSONALITY_01,職場人格評估,評估職場相關人格特質，聚焦職場表現相關特質，適合人才招募、團隊配置,31,我會堅持到一切完美為止。,0.880,1,H286,BFAS-20,大五人格簡短量表-20題,Big Five Aspect Scales - 20 items,Conscientiousness,盡責性,
2,WORKPLACE_PERSONALITY_01,職場人格評估,評估職場相關人格特質，聚焦職場表現相關特質，適合人才招募、團隊配置,32,我喜愛幫助他人。,0.880,1,H1108,BFAS-20,大五人格簡短量表-20題,Big Five Aspect Scales - 20 items,Agreeableness,親和性,
2,WORKPLACE_PERSONALITY_01,職場人格評估,評估職場相關人格特質，聚焦職場表現相關特質，適合人才招募、團隊配置,33,我發現很難開始工作。,0.880,1,H1171,BFAS-20,大五人格簡短量表-20題,Big Five Aspect Scales - 20 items,Conscientiousness,盡責性,
2,WORKPLACE_PERSONALITY_01,職場人格評估,評估職場相關人格特質，聚焦職場表現相關特質，適合人才招募、團隊配置,34,我很難被了解。,0.910,1,"H596, X9",NEO5-20,NEO五因素人格量表-20題,NEO Five-Factor Inventory - 20 items,Extraversion,外向性,
2,WORKPLACE_PERSONALITY_01,職場人格評估,評估職場相關人格特質，聚焦職場表現相關特質，適合人才招募、團隊配置,35,我喜歡聽到新想法。,0.890,1,X166,NEO5-20,NEO五因素人格量表-20題,NEO Five-Factor Inventory - 20 items,Openness To Experience,開放性,
2,WORKPLACE_PERSONALITY_01,職場人格評估,評估職場相關人格特質，聚焦職場表現相關特質，適合人才招募、團隊配置,36,我喜歡思考事物。,0.890,1,E145,NEO5-20,NEO五因素人格量表-20題,NEO Five-Factor Inventory - 20 items,Openness To Experience,開放性,
2,WORKPLACE_PERSONALITY_01,職場人格評估,評估職場相關人格特質，聚焦職場表現相關特質，適合人才招募、團隊配置,37,我遠離他人。,0.910,1,H649,NEO5-20,NEO五因素人格量表-20題,NEO Five-Factor Inventory - 20 items,Extraversion,外向性,
2,WORKPLACE_PERSONALITY_01,職場人格評估,評估職場相關人格特質，聚焦職場表現相關特質，適合人才招募、團隊配置,38,我等待他人帶路。,0.910,1,H976,BFAS-20,大五人格簡短量表-20題,Big Five Aspect Scales - 20 items,Extraversion,外向性,
2,WORKPLACE_PERSONALITY_01,職場人格評估,評估職場相關人格特質，聚焦職場表現相關特質，適合人才招募、團隊配置,39,我相信自己比他人優越。,0.850,1,"H736, X61",NEO5-20,NEO五因素人格量表-20題,NEO Five-Factor Inventory - 20 items,Agreeableness,親和性,
2,WORKPLACE_PERSONALITY_01,職場人格評估,評估職場相關人格特質，聚焦職場表現相關特質，適合人才招募、團隊配置,40,我與他人保持距離。,0.910,1,H704,NEO5-20,NEO五因素人格量表-20題,NEO Five-Factor Inventory - 20 items,Extraversion,外向性,
2,WORKPLACE_PERSONALITY_01,職場人格評估,評估職場相關人格特質，聚焦職場表現相關特質，適合人才招募、團隊配置,41,我的心情經常變化。,0.910,1,H926,BFAS-20,大五人格簡短量表-20題,Big Five Aspect Scales - 20 items,Emotional Stability,情緒穩定性,
2,WORKPLACE_PERSONALITY_01,職場人格評估,評估職場相關人格特質，聚焦職場表現相關特質，適合人才招募、團隊配置,42,我經常在他人身邊感到不自在。,0.910,1,H909,BFAS-20,大五人格簡短量表-20題,Big Five Aspect Scales - 20 items,Extraversion,外向性,
2,WORKPLACE_PERSONALITY_01,職場人格評估,評估職場相關人格特質，聚焦職場表現相關特質，適合人才招募、團隊配置,43,我把事情搞砸。,0.880,1,H1467,BFAS-20,大五人格簡短量表-20題,Big Five Aspect Scales - 20 items,Conscientiousness,盡責性,
2,WORKPLACE_PERSONALITY_01,職場人格評估,評估職場相關人格特質，聚焦職場表現相關特質，適合人才招募、團隊配置,44,我陷入自己的問題中。,0.910,1,X120,BFAS-20,大五人格簡短量表-20題,Big Five Aspect Scales - 20 items,Emotional Stability,情緒穩定性,
2,WORKPLACE_PERSONALITY_01,職場人格評估,評估職場相關人格特質，聚焦職場表現相關特質，適合人才招募、團隊配置,45,我會抱怨事情。,0.910,1,H1133,BFAS-20,大五人格簡短量表-20題,Big Five Aspect Scales - 20 items,Emotional Stability,情緒穩定性,
2,WORKPLACE_PERSONALITY_01,職場人格評估,評估職場相關人格特質，聚焦職場表現相關特質，適合人才招募、團隊配置,46,我制定計劃並堅持執行。,0.880,1,X263,BFAS-20,大五人格簡短量表-20題,Big Five Aspect Scales - 20 items,Conscientiousness,盡責性,
2,WORKPLACE_PERSONALITY_01,職場人格評估,評估職場相關人格特質，聚焦職場表現相關特質，適合人才招募、團隊配置,47,我逃避我的職責。,0.880,1,"H1140, X246",BFAS-20,大五人格簡短量表-20題,Big Five Aspect Scales - 20 items,Conscientiousness,盡責性,
2,WORKPLACE_PERSONALITY_01,職場人格評估,評估職場相關人格特質，聚焦職場表現相關特質，適合人才招募、團隊配置,48,我浪費時間。,0.880,1,"H1186, X49",BFAS-20,大五人格簡短量表-20題,Big Five Aspect Scales - 20 items,Conscientiousness,盡責性,
2,WORKPLACE_PERSONALITY_01,職場人格評估,評估職場相關人格特質，聚焦職場表現相關特質，適合人才招募、團隊配置,49,我表現出我的感激。,0.880,1,H557,BFAS-20,大五人格簡短量表-20題,Big Five Aspect Scales - 20 items,Agreeableness,親和性,
2,WORKPLACE_PERSONALITY_01,職場人格評估,評估職場相關人格特質，聚焦職場表現相關特質，適合人才招募、團隊配置,50,我喜愛秩序和規律。,0.880,1,H309,BFAS-20,大五人格簡短量表-20題,Big Five Aspect Scales - 20 items,Conscientiousness,盡責性,
3,EMOTION_INTERPERSONAL_01,情緒與人際關係,評估情緒管理與人際互動能力，深入評估情緒與人際面向，適合人際關係改善、情緒管理,1,參加慈善活動。,0.860,1,,ORVIS,ORVIS,Oregon Vocational Interest Scales,Altruism,利他主義,
3,EMOTION_INTERPERSONAL_01,情緒與人際關係,評估情緒管理與人際互動能力，深入評估情緒與人際面向，適合人際關係改善、情緒管理,2,睡眠不安穩。,0.930,1,N13,Radloff1977,CES-D憂鬱量表,"Center for Epidemiologic Studies Depression Scale (Radloff, 1977)",Depression,憂鬱,
3,EMOTION_INTERPERSONAL_01,情緒與人際關係,評估情緒管理與人際互動能力，深入評估情緒與人際面向，適合人際關係改善、情緒管理,3,我很難被理解。,0.720,1,"H686, V235",VIA,VIA性格優勢量表,Values in Action Inventory of Strengths,Honesty/Integrity/Authenticity,誠實/正直/真實性,
3,EMOTION_INTERPERSONAL_01,情緒與人際關係,評估情緒管理與人際互動能力，深入評估情緒與人際面向，適合人際關係改善、情緒管理,4,不想吃東西，即使我應該餓了。,0.930,1,N03,Radloff1977,CES-D憂鬱量表,"Center for Epidemiologic Studies Depression Scale (Radloff, 1977)",Depression,憂鬱,
3,EMOTION_INTERPERSONAL_01,情緒與人際關係,評估情緒管理與人際互動能力，深入評估情緒與人際面向，適合人際關係改善、情緒管理,5,我避免與人為伴。,0.870,1,H598,6FPQ,六因素人格問卷,Six-Factor Personality Questionnaire,Gregariousness,合群性,
3,EMOTION_INTERPERSONAL_01,情緒與人際關係,評估情緒管理與人際互動能力，深入評估情緒與人際面向，適合人際關係改善、情緒管理,6,我經常在他人身邊感到不自在。,0.870,1,H909,6FPQ,六因素人格問卷,Six-Factor Personality Questionnaire,Gregariousness,合群性,
3,EMOTION_INTERPERSONAL_01,情緒與人際關係,評估情緒管理與人際互動能力，深入評估情緒與人際面向，適合人際關係改善、情緒管理,7,成為物理治療師。,0.860,1,,ORVIS,ORVIS,Oregon Vocational Interest Scales,Altruism,利他主義,
3,EMOTION_INTERPERSONAL_01,情緒與人際關係,評估情緒管理與人際互動能力，深入評估情緒與人際面向，適合人際關係改善、情緒管理,8,感到孤獨。,0.930,1,N16,Radloff1977,CES-D憂鬱量表,"Center for Epidemiologic Studies Depression Scale (Radloff, 1977)",Depression,憂鬱,
3,EMOTION_INTERPERSONAL_01,情緒與人際關係,評估情緒管理與人際互動能力，深入評估情緒與人際面向，適合人際關係改善、情緒管理,9,幫助他人學習新想法。,0.860,1,,ORVIS,ORVIS,Oregon Vocational Interest Scales,Altruism,利他主義,
3,EMOTION_INTERPERSONAL_01,情緒與人際關係,評估情緒管理與人際互動能力，深入評估情緒與人際面向，適合人際關係改善、情緒管理,10,感到憂鬱。,0.930,1,N08,Radloff1977,CES-D憂鬱量表,"Center for Epidemiologic Studies Depression Scale (Radloff, 1977)",Depression,憂鬱,
3,EMOTION_INTERPERSONAL_01,情緒與人際關係,評估情緒管理與人際互動能力，深入評估情緒與人際面向，適合人際關係改善、情緒管理,11,指導父母如何照顧孩子。,0.860,1,,ORVIS,ORVIS,Oregon Vocational Interest Scales,Altruism,利他主義,
3,EMOTION_INTERPERSONAL_01,情緒與人際關係,評估情緒管理與人際互動能力，深入評估情緒與人際面向，適合人際關係改善、情緒管理,12,成為小學教師。,0.860,1,,ORVIS,ORVIS,Oregon Vocational Interest Scales,Altruism,利他主義,
3,EMOTION_INTERPERSONAL_01,情緒與人際關係,評估情緒管理與人際互動能力，深入評估情緒與人際面向，適合人際關係改善、情緒管理,13,我很難被了解。,0.870,1,"H596, X9",6FPQ,六因素人格問卷,Six-Factor Personality Questionnaire,Gregariousness,合群性,
3,EMOTION_INTERPERSONAL_01,情緒與人際關係,評估情緒管理與人際互動能力，深入評估情緒與人際面向，適合人際關係改善、情緒管理,14,我遵守諾言。,0.720,1,"H149, X33, V14",VIA,VIA性格優勢量表,Values in Action Inventory of Strengths,Honesty/Integrity/Authenticity,誠實/正直/真實性,
3,EMOTION_INTERPERSONAL_01,情緒與人際關係,評估情緒管理與人際互動能力，深入評估情緒與人際面向，適合人際關係改善、情緒管理,15,無法開始行動。,0.930,1,N20,Radloff1977,CES-D憂鬱量表,"Center for Epidemiologic Studies Depression Scale (Radloff, 1977)",Depression,憂鬱,
3,EMOTION_INTERPERSONAL_01,情緒與人際關係,評估情緒管理與人際互動能力，深入評估情緒與人際面向，適合人際關係改善、情緒管理,16,感覺人們不喜歡我。,0.930,1,N22,Radloff1977,CES-D憂鬱量表,"Center for Epidemiologic Studies Depression Scale (Radloff, 1977)",Depression,憂鬱,
3,EMOTION_INTERPERSONAL_01,情緒與人際關係,評估情緒管理與人際互動能力，深入評估情緒與人際面向，適合人際關係改善、情緒管理,17,享受生活。,0.930,1,N17,Radloff1977,CES-D憂鬱量表,"Center for Epidemiologic Studies Depression Scale (Radloff, 1977)",Depression,憂鬱,
3,EMOTION_INTERPERSONAL_01,情緒與人際關係,評估情緒管理與人際互動能力，深入評估情緒與人際面向，適合人際關係改善、情緒管理,18,我很容易交朋友。,0.870,1,H29,6FPQ,六因素人格問卷,Six-Factor Personality Questionnaire,Gregariousness,合群性,
3,EMOTION_INTERPERSONAL_01,情緒與人際關係,評估情緒管理與人際互動能力，深入評估情緒與人際面向，適合人際關係改善、情緒管理,19,對未來感到充滿希望。,0.930,1,N10,Radloff1977,CES-D憂鬱量表,"Center for Epidemiologic Studies Depression Scale (Radloff, 1977)",Depression,憂鬱,
3,EMOTION_INTERPERSONAL_01,情緒與人際關係,評估情緒管理與人際互動能力，深入評估情緒與人際面向，適合人際關係改善、情緒管理,20,我很快就能親近他人。,0.870,1,"H52, X1",6FPQ,六因素人格問卷,Six-Factor Personality Questionnaire,Gregariousness,合群性,
3,EMOTION_INTERPERSONAL_01,情緒與人際關係,評估情緒管理與人際互動能力，深入評估情緒與人際面向，適合人際關係改善、情緒管理,21,朋友告訴我他們並不真正了解我是誰。,0.720,0,V34,VIA,VIA性格優勢量表,Values in Action Inventory of Strengths,Honesty/Integrity/Authenticity,誠實/正直/真實性,
3,EMOTION_INTERPERSONAL_01,情緒與人際關係,評估情緒管理與人際互動能力，深入評估情緒與人際面向，適合人際關係改善、情緒管理,22,我在人群中感到自在。,0.870,1,X112,6FPQ,六因素人格問卷,Six-Factor Personality Questionnaire,Gregariousness,合群性,
3,EMOTION_INTERPERSONAL_01,情緒與人際關係,評估情緒管理與人際互動能力，深入評估情緒與人際面向，適合人際關係改善、情緒管理,23,我與他人保持距離。,0.870,1,H704,6FPQ,六因素人格問卷,Six-Factor Personality Questionnaire,Gregariousness,合群性,
3,EMOTION_INTERPERSONAL_01,情緒與人際關係,評估情緒管理與人際互動能力，深入評估情緒與人際面向，適合人際關係改善、情緒管理,24,成為醫生或護士。,0.860,1,,ORVIS,ORVIS,Oregon Vocational Interest Scales,Altruism,利他主義,
3,EMOTION_INTERPERSONAL_01,情緒與人際關係,評估情緒管理與人際互動能力，深入評估情緒與人際面向，適合人際關係改善、情緒管理,25,我說話尖酸刻薄。,0.850,1,H917,NEO5-20,NEO五因素人格量表-20題,NEO Five-Factor Inventory - 20 items,Agreeableness,親和性,
3,EMOTION_INTERPERSONAL_01,情緒與人際關係,評估情緒管理與人際互動能力，深入評估情緒與人際面向，適合人際關係改善、情緒管理,26,感到快樂。,0.930,1,N14,Radloff1977,CES-D憂鬱量表,"Center for Epidemiologic Studies Depression Scale (Radloff, 1977)",Depression,憂鬱,
3,EMOTION_INTERPERSONAL_01,情緒與人際關係,評估情緒管理與人際互動能力，深入評估情緒與人際面向，適合人際關係改善、情緒管理,27,我相信誠實是信任的基礎。,0.720,1,V86,VIA,VIA性格優勢量表,Values in Action Inventory of Strengths,Honesty/Integrity/Authenticity,誠實/正直/真實性,
3,EMOTION_INTERPERSONAL_01,情緒與人際關係,評估情緒管理與人際互動能力，深入評估情緒與人際面向，適合人際關係改善、情緒管理,28,照顧病人。,0.860,1,,ORVIS,ORVIS,Oregon Vocational Interest Scales,Altruism,利他主義,
3,EMOTION_INTERPERSONAL_01,情緒與人際關係,評估情緒管理與人際互動能力，深入評估情緒與人際面向，適合人際關係改善、情緒管理,29,哭泣。,0.930,1,N18,Radloff1977,CES-D憂鬱量表,"Center for Epidemiologic Studies Depression Scale (Radloff, 1977)",Depression,憂鬱,
3,EMOTION_INTERPERSONAL_01,情緒與人際關係,評估情緒管理與人際互動能力，深入評估情緒與人際面向，適合人際關係改善、情緒管理,30,感覺即使有家人或朋友的幫助，我也無法擺脫憂鬱。,0.930,1,N04,Radloff1977,CES-D憂鬱量表,"Center for Epidemiologic Studies Depression Scale (Radloff, 1977)",Depression,憂鬱,
3,EMOTION_INTERPERSONAL_01,情緒與人際關係,評估情緒管理與人際互動能力，深入評估情緒與人際面向，適合人際關係改善、情緒管理,31,我在派對上和很多不同的人交談。,0.870,1,X83,6FPQ,六因素人格問卷,Six-Factor Personality Questionnaire,Gregariousness,合群性,
3,EMOTION_INTERPERSONAL_01,情緒與人際關係,評估情緒管理與人際互動能力，深入評估情緒與人際面向，適合人際關係改善、情緒管理,32,我忠於自己的價值觀。,0.720,1,V196,VIA,VIA性格優勢量表,Values in Action Inventory of Strengths,Honesty/Integrity/Authenticity,誠實/正直/真實性,
3,EMOTION_INTERPERSONAL_01,情緒與人際關係,評估情緒管理與人際互動能力，深入評估情緒與人際面向，適合人際關係改善、情緒管理,33,為他人提供安慰和支持。,0.860,1,,ORVIS,ORVIS,Oregon Vocational Interest Scales,Altruism,利他主義,
3,EMOTION_INTERPERSONAL_01,情緒與人際關係,評估情緒管理與人際互動能力，深入評估情緒與人際面向，適合人際關係改善、情緒管理,34,幫助人們做職業決策。,0.860,1,,ORVIS,ORVIS,Oregon Vocational Interest Scales,Altruism,利他主義,
3,EMOTION_INTERPERSONAL_01,情緒與人際關係,評估情緒管理與人際互動能力，深入評估情緒與人際面向，適合人際關係改善、情緒管理,35,我會開啟對話。,0.870,1,H16,6FPQ,六因素人格問卷,Six-Factor Personality Questionnaire,Gregariousness,合群性,
3,EMOTION_INTERPERSONAL_01,情緒與人際關係,評估情緒管理與人際互動能力，深入評估情緒與人際面向，適合人際關係改善、情緒管理,36,成為輔導員或治療師。,0.860,1,,ORVIS,ORVIS,Oregon Vocational Interest Scales,Altruism,利他主義,
3,EMOTION_INTERPERSONAL_01,情緒與人際關係,評估情緒管理與人際互動能力，深入評估情緒與人際面向，適合人際關係改善、情緒管理,37,我被信任能保守秘密。,0.720,1,V10,VIA,VIA性格優勢量表,Values in Action Inventory of Strengths,Honesty/Integrity/Authenticity,誠實/正直/真實性,
3,EMOTION_INTERPERSONAL_01,情緒與人際關係,評估情緒管理與人際互動能力，深入評估情緒與人際面向，適合人際關係改善、情緒管理,38,感到悲傷。,0.930,1,N19,Radloff1977,CES-D憂鬱量表,"Center for Epidemiologic Studies Depression Scale (Radloff, 1977)",Depression,憂鬱,
3,EMOTION_INTERPERSONAL_01,情緒與人際關係,評估情緒管理與人際互動能力，深入評估情緒與人際面向，適合人際關係改善、情緒管理,39,我覺得自己像個騙子。,0.720,1,V238,VIA,VIA性格優勢量表,Values in Action Inventory of Strengths,Honesty/Integrity/Authenticity,誠實/正直/真實性,
3,EMOTION_INTERPERSONAL_01,情緒與人際關係,評估情緒管理與人際互動能力，深入評估情緒與人際面向，適合人際關係改善、情緒管理,40,我對他人提出要求。,0.850,1,H2030,NEO5-20,NEO五因素人格量表-20題,NEO Five-Factor Inventory - 20 items,Agreeableness,親和性,
3,EMOTION_INTERPERSONAL_01,情緒與人際關係,評估情緒管理與人際互動能力，深入評估情緒與人際面向，適合人際關係改善、情緒管理,41,我避免與他人接觸。,0.870,1,H648,6FPQ,六因素人格問卷,Six-Factor Personality Questionnaire,Gregariousness,合群性,
3,EMOTION_INTERPERSONAL_01,情緒與人際關係,評估情緒管理與人際互動能力，深入評估情緒與人際面向，適合人際關係改善、情緒管理,42,輔導需要幫助的人。,0.860,1,,ORVIS,ORVIS,Oregon Vocational Interest Scales,Altruism,利他主義,
3,EMOTION_INTERPERSONAL_01,情緒與人際關係,評估情緒管理與人際互動能力，深入評估情緒與人際面向，適合人際關係改善、情緒管理,43,成為牧師、神父、拉比或其他宗教教師。,0.860,1,,ORVIS,ORVIS,Oregon Vocational Interest Scales,Altruism,利他主義,
3,EMOTION_INTERPERSONAL_01,情緒與人際關係,評估情緒管理與人際互動能力，深入評估情緒與人際面向，適合人際關係改善、情緒管理,44,我說謊以擺脫困境。,0.720,1,V143,VIA,VIA性格優勢量表,Values in Action Inventory of Strengths,Honesty/Integrity/Authenticity,誠實/正直/真實性,
3,EMOTION_INTERPERSONAL_01,情緒與人際關係,評估情緒管理與人際互動能力，深入評估情緒與人際面向，適合人際關係改善、情緒管理,45,我被告知我很務實。,0.720,0,V301,VIA,VIA性格優勢量表,Values in Action Inventory of Strengths,Honesty/Integrity/Authenticity,誠實/正直/真實性,
3,EMOTION_INTERPERSONAL_01,情緒與人際關係,評估情緒管理與人際互動能力，深入評估情緒與人際面向，適合人際關係改善、情緒管理,46,我能被信任遵守承諾。,0.720,1,V163,VIA,VIA性格優勢量表,Values in Action Inventory of Strengths,Honesty/Integrity/Authenticity,誠實/正直/真實性,
3,EMOTION_INTERPERSONAL_01,情緒與人際關係,評估情緒管理與人際互動能力，深入評估情緒與人際面向，適合人際關係改善、情緒管理,47,感到恐懼。,0.930,1,N21,Radloff1977,CES-D憂鬱量表,"Center for Epidemiologic Studies Depression Scale (Radloff, 1977)",Depression,憂鬱,
3,EMOTION_INTERPERSONAL_01,情緒與人際關係,評估情緒管理與人際互動能力，深入評估情緒與人際面向，適合人際關係改善、情緒管理,48,感覺我做的每件事都很費力。,0.930,1,N09,Radloff1977,CES-D憂鬱量表,"Center for Epidemiologic Studies Depression Scale (Radloff, 1977)",Depression,憂鬱,
3,EMOTION_INTERPERSONAL_01,情緒與人際關係,評估情緒管理與人際互動能力，深入評估情緒與人際面向，適合人際關係改善、情緒管理,49,成為社工。,0.860,1,,ORVIS,ORVIS,Oregon Vocational Interest Scales,Altruism,利他主義,
3,EMOTION_INTERPERSONAL_01,情緒與人際關係,評估情緒管理與人際互動能力，深入評估情緒與人際面向，適合人際關係改善、情緒管理,50,食慾不振。,0.930,1,N02,Radloff1977,CES-D憂鬱量表,"Center for Epidemiologic Studies Depression Scale (Radloff, 1977)",Depression,憂鬱,
4,CREATIVITY_OPENNESS_01,創造力與開放性,評估創造力、學習能力與開放性，聚焦創造力與學習相關特質，適合教育評估、創意產業,1,在戲劇中演出。,0.880,1,,ORVIS,ORVIS,Oregon Vocational Interest Scales,Creativity/Originality,創造力/原創性,
4,CREATIVITY_OPENNESS_01,創造力與開放性,評估創造力、學習能力與開放性，聚焦創造力與學習相關特質，適合教育評估、創意產業,2,我在我所做的事情上表現出色。,0.820,1,"H1174, X8",6FPQ,六因素人格問卷,Six-Factor Personality Questionnaire,Achievement-striving,成就追求,
4,CREATIVITY_OPENNESS_01,創造力與開放性,評估創造力、學習能力與開放性，聚焦創造力與學習相關特質，適合教育評估、創意產業,3,繪畫或素描。,0.880,1,,ORVIS,ORVIS,Oregon Vocational Interest Scales,Creativity/Originality,創造力/原創性,
4,CREATIVITY_OPENNESS_01,創造力與開放性,評估創造力、學習能力與開放性，聚焦創造力與學習相關特質，適合教育評估、創意產業,4,我需要推動才能開始。,0.850,1,H969,NEO,NEO人格量表,NEO Personality Inventory,Self-discipline,自律,
4,CREATIVITY_OPENNESS_01,創造力與開放性,評估創造力、學習能力與開放性，聚焦創造力與學習相關特質，適合教育評估、創意產業,5,成為職業舞者。,0.880,1,,ORVIS,ORVIS,Oregon Vocational Interest Scales,Creativity/Originality,創造力/原創性,
4,CREATIVITY_OPENNESS_01,創造力與開放性,評估創造力、學習能力與開放性，聚焦創造力與學習相關特質，適合教育評估、創意產業,6,設計網頁。,0.880,1,,ORVIS,ORVIS,Oregon Vocational Interest Scales,Creativity/Originality,創造力/原創性,
4,CREATIVITY_OPENNESS_01,創造力與開放性,評估創造力、學習能力與開放性，聚焦創造力與學習相關特質，適合教育評估、創意產業,7,我傾向於投票給保守的政治候選人。,0.890,1,X126,NEO5-20,NEO五因素人格量表-20題,NEO Five-Factor Inventory - 20 items,Openness To Experience,開放性,
4,CREATIVITY_OPENNESS_01,創造力與開放性,評估創造力、學習能力與開放性，聚焦創造力與學習相關特質，適合教育評估、創意產業,8,重新裝飾自己的房子。,0.880,1,,ORVIS,ORVIS,Oregon Vocational Interest Scales,Creativity/Originality,創造力/原創性,
4,CREATIVITY_OPENNESS_01,創造力與開放性,評估創造力、學習能力與開放性，聚焦創造力與學習相關特質，適合教育評估、創意產業,9,我有影響他人的天賦。,0.850,1,P432,6FPQ,六因素人格問卷,Six-Factor Personality Questionnaire,Extraversion,外向性,
4,CREATIVITY_OPENNESS_01,創造力與開放性,評估創造力、學習能力與開放性，聚焦創造力與學習相關特質，適合教育評估、創意產業,10,在交響樂團演奏樂器。,0.880,1,,ORVIS,ORVIS,Oregon Vocational Interest Scales,Creativity/Originality,創造力/原創性,
4,CREATIVITY_OPENNESS_01,創造力與開放性,評估創造力、學習能力與開放性，聚焦創造力與學習相關特質，適合教育評估、創意產業,11,成為演員或女演員。,0.880,1,,ORVIS,ORVIS,Oregon Vocational Interest Scales,Creativity/Originality,創造力/原創性,
4,CREATIVITY_OPENNESS_01,創造力與開放性,評估創造力、學習能力與開放性，聚焦創造力與學習相關特質，適合教育評估、創意產業,12,我經常情緒低落。,0.910,1,H640,NEO5-20,NEO五因素人格量表-20題,NEO Five-Factor Inventory - 20 items,Neuroticism,神經質,
4,CREATIVITY_OPENNESS_01,創造力與開放性,評估創造力、學習能力與開放性，聚焦創造力與學習相關特質，適合教育評估、創意產業,13,我傾向於投票給自由派的政治候選人。,0.890,1,X218,NEO5-20,NEO五因素人格量表-20題,NEO Five-Factor Inventory - 20 items,Openness To Experience,開放性,
4,CREATIVITY_OPENNESS_01,創造力與開放性,評估創造力、學習能力與開放性，聚焦創造力與學習相關特質，適合教育評估、創意產業,14,為博物館挑選藝術品。,0.880,1,,ORVIS,ORVIS,Oregon Vocational Interest Scales,Creativity/Originality,創造力/原創性,
4,CREATIVITY_OPENNESS_01,創造力與開放性,評估創造力、學習能力與開放性，聚焦創造力與學習相關特質，適合教育評估、創意產業,15,寫短篇小說或小說。,0.880,1,,ORVIS,ORVIS,Oregon Vocational Interest Scales,Creativity/Originality,創造力/原創性,
4,CREATIVITY_OPENNESS_01,創造力與開放性,評估創造力、學習能力與開放性，聚焦創造力與學習相關特質，適合教育評估、創意產業,16,專業歌唱。,0.880,1,,ORVIS,ORVIS,Oregon Vocational Interest Scales,Creativity/Originality,創造力/原創性,
4,CREATIVITY_OPENNESS_01,創造力與開放性,評估創造力、學習能力與開放性，聚焦創造力與學習相關特質，適合教育評估、創意產業,17,我關心他人。,0.770,1,"H1100, X31",7FACTOR,七因素量表,Seven-Factor Scale,Agreeableness,親和性,
4,CREATIVITY_OPENNESS_01,創造力與開放性,評估創造力、學習能力與開放性，聚焦創造力與學習相關特質，適合教育評估、創意產業,18,我保持低調。,0.850,1,"H154, X34",6FPQ,六因素人格問卷,Six-Factor Personality Questionnaire,Extraversion,外向性,
4,CREATIVITY_OPENNESS_01,創造力與開放性,評估創造力、學習能力與開放性，聚焦創造力與學習相關特質，適合教育評估、創意產業,19,我只做足夠的工作。,0.820,1,X115,6FPQ,六因素人格問卷,Six-Factor Personality Questionnaire,Achievement-striving,成就追求,
4,CREATIVITY_OPENNESS_01,創造力與開放性,評估創造力、學習能力與開放性，聚焦創造力與學習相關特質，適合教育評估、創意產業,20,我相信人們所說的話。,0.850,1,E157,NEO5-20,NEO五因素人格量表-20題,NEO Five-Factor Inventory - 20 items,Agreeableness,親和性,
4,CREATIVITY_OPENNESS_01,創造力與開放性,評估創造力、學習能力與開放性，聚焦創造力與學習相關特質，適合教育評估、創意產業,21,我擅長即興演講。,0.850,1,P364,6FPQ,六因素人格問卷,Six-Factor Personality Questionnaire,Extraversion,外向性,
4,CREATIVITY_OPENNESS_01,創造力與開放性,評估創造力、學習能力與開放性，聚焦創造力與學習相關特質，適合教育評估、創意產業,22,我對自己非常滿意。,0.910,1,"H737, X36",NEO5-20,NEO五因素人格量表-20題,NEO Five-Factor Inventory - 20 items,Neuroticism,神經質,
4,CREATIVITY_OPENNESS_01,創造力與開放性,評估創造力、學習能力與開放性，聚焦創造力與學習相關特質，適合教育評估、創意產業,23,創作歌曲。,0.880,1,,ORVIS,ORVIS,Oregon Vocational Interest Scales,Creativity/Originality,創造力/原創性,
4,CREATIVITY_OPENNESS_01,創造力與開放性,評估創造力、學習能力與開放性，聚焦創造力與學習相關特質，適合教育評估、創意產業,24,我發現很難接近他人。,0.850,1,H592,6FPQ,六因素人格問卷,Six-Factor Personality Questionnaire,Extraversion,外向性,
4,CREATIVITY_OPENNESS_01,創造力與開放性,評估創造力、學習能力與開放性，聚焦創造力與學習相關特質，適合教育評估、創意產業,25,我做得比預期的更多。,0.820,1,H2014,6FPQ,六因素人格問卷,Six-Factor Personality Questionnaire,Achievement-striving,成就追求,
4,CREATIVITY_OPENNESS_01,創造力與開放性,評估創造力、學習能力與開放性，聚焦創造力與學習相關特質，適合教育評估、創意產業,26,我推遲決定。,0.850,1,H1180,NEO,NEO人格量表,NEO Personality Inventory,Self-discipline,自律,
4,CREATIVITY_OPENNESS_01,創造力與開放性,評估創造力、學習能力與開放性，聚焦創造力與學習相關特質，適合教育評估、創意產業,27,創作藝術作品。,0.880,1,,ORVIS,ORVIS,Oregon Vocational Interest Scales,Creativity/Originality,創造力/原創性,
4,CREATIVITY_OPENNESS_01,創造力與開放性,評估創造力、學習能力與開放性，聚焦創造力與學習相關特質，適合教育評估、創意產業,28,我在閒暇時間做很多事。,0.820,1,H79,6FPQ,六因素人格問卷,Six-Factor Personality Questionnaire,Achievement-striving,成就追求,
4,CREATIVITY_OPENNESS_01,創造力與開放性,評估創造力、學習能力與開放性，聚焦創造力與學習相關特質，適合教育評估、創意產業,29,我很少尋找事物更深層的意義。,0.890,1,E77,NEO5-20,NEO五因素人格量表-20題,NEO Five-Factor Inventory - 20 items,Openness To Experience,開放性,
4,CREATIVITY_OPENNESS_01,創造力與開放性,評估創造力、學習能力與開放性，聚焦創造力與學習相關特質，適合教育評估、創意產業,30,我平等對待所有人。,0.850,1,"H186, V94",NEO5-20,NEO五因素人格量表-20題,NEO Five-Factor Inventory - 20 items,Agreeableness,親和性,
4,CREATIVITY_OPENNESS_01,創造力與開放性,評估創造力、學習能力與開放性，聚焦創造力與學習相關特質，適合教育評估、創意產業,31,我會形容我的經歷有點沉悶。,0.850,1,X147,6FPQ,六因素人格問卷,Six-Factor Personality Questionnaire,Extraversion,外向性,
4,CREATIVITY_OPENNESS_01,創造力與開放性,評估創造力、學習能力與開放性，聚焦創造力與學習相關特質，適合教育評估、創意產業,32,我擅長處理社交情況。,0.850,1,H1366,6FPQ,六因素人格問卷,Six-Factor Personality Questionnaire,Extraversion,外向性,
4,CREATIVITY_OPENNESS_01,創造力與開放性,評估創造力、學習能力與開放性，聚焦創造力與學習相關特質，適合教育評估、創意產業,33,我擔心最壞的情況。,0.910,1,H999,NEO5-20,NEO五因素人格量表-20題,NEO Five-Factor Inventory - 20 items,Neuroticism,神經質,
4,CREATIVITY_OPENNESS_01,創造力與開放性,評估創造力、學習能力與開放性，聚焦創造力與學習相關特質，適合教育評估、創意產業,34,我不擅長讓人喜歡我。,0.850,1,P430,6FPQ,六因素人格問卷,Six-Factor Personality Questionnaire,Extraversion,外向性,
4,CREATIVITY_OPENNESS_01,創造力與開放性,評估創造力、學習能力與開放性，聚焦創造力與學習相關特質，適合教育評估、創意產業,35,我充滿想法。,0.850,1,H53,HEXACO_PI,HEXACO人格量表,HEXACO Personality Inventory,Creativity/Originality,創造力/原創性,
4,CREATIVITY_OPENNESS_01,創造力與開放性,評估創造力、學習能力與開放性，聚焦創造力與學習相關特質，適合教育評估、創意產業,36,我不容易感到沮喪。,0.910,1,X59,NEO5-20,NEO五因素人格量表-20題,NEO Five-Factor Inventory - 20 items,Neuroticism,神經質,
4,CREATIVITY_OPENNESS_01,創造力與開放性,評估創造力、學習能力與開放性，聚焦創造力與學習相關特質，適合教育評估、創意產業,37,我能輕易表達自己。,0.850,1,H17,6FPQ,六因素人格問卷,Six-Factor Personality Questionnaire,Extraversion,外向性,
4,CREATIVITY_OPENNESS_01,創造力與開放性,評估創造力、學習能力與開放性，聚焦創造力與學習相關特質，適合教育評估、創意產業,38,我不喜歡自己。,0.910,1,X15,NEO5-20,NEO五因素人格量表-20題,NEO Five-Factor Inventory - 20 items,Neuroticism,神經質,
4,CREATIVITY_OPENNESS_01,創造力與開放性,評估創造力、學習能力與開放性，聚焦創造力與學習相關特質，適合教育評估、創意產業,39,我馬上開始工作。,0.850,1,H511,NEO,NEO人格量表,NEO Personality Inventory,Self-discipline,自律,
4,CREATIVITY_OPENNESS_01,創造力與開放性,評估創造力、學習能力與開放性，聚焦創造力與學習相關特質，適合教育評估、創意產業,40,我發現很難開始工作。,0.820,1,H1171,6FPQ,六因素人格問卷,Six-Factor Personality Questionnaire,Achievement-striving,成就追求,
4,CREATIVITY_OPENNESS_01,創造力與開放性,評估創造力、學習能力與開放性，聚焦創造力與學習相關特質，適合教育評估、創意產業,41,我缺乏影響他人的才能。,0.850,1,P346,6FPQ,六因素人格問卷,Six-Factor Personality Questionnaire,Extraversion,外向性,
4,CREATIVITY_OPENNESS_01,創造力與開放性,評估創造力、學習能力與開放性，聚焦創造力與學習相關特質，適合教育評估、創意產業,42,我尊重他人。,0.850,1,H105,NEO5-20,NEO五因素人格量表-20題,NEO Five-Factor Inventory - 20 items,Agreeableness,親和性,
4,CREATIVITY_OPENNESS_01,創造力與開放性,評估創造力、學習能力與開放性，聚焦創造力與學習相關特質，適合教育評估、創意產業,43,我難以理解抽象概念。,0.890,1,X176,NEO5-20,NEO五因素人格量表-20題,NEO Five-Factor Inventory - 20 items,Openness To Experience,開放性,
4,CREATIVITY_OPENNESS_01,創造力與開放性,評估創造力、學習能力與開放性，聚焦創造力與學習相關特質，適合教育評估、創意產業,44,我難以開始任務。,0.850,1,H621,NEO,NEO人格量表,NEO Personality Inventory,Self-discipline,自律,
4,CREATIVITY_OPENNESS_01,創造力與開放性,評估創造力、學習能力與開放性，聚焦創造力與學習相關特質，適合教育評估、創意產業,45,我有生動的想像力。,0.890,1,X14,NEO5-20,NEO五因素人格量表-20題,NEO Five-Factor Inventory - 20 items,Openness To Experience,開放性,
4,CREATIVITY_OPENNESS_01,創造力與開放性,評估創造力、學習能力與開放性，聚焦創造力與學習相關特質，適合教育評估、創意產業,46,我懷疑他人有隱藏動機。,0.850,1,H604,NEO5-20,NEO五因素人格量表-20題,NEO Five-Factor Inventory - 20 items,Agreeableness,親和性,
4,CREATIVITY_OPENNESS_01,創造力與開放性,評估創造力、學習能力與開放性，聚焦創造力與學習相關特質，適合教育評估、創意產業,47,創作新的時裝設計。,0.880,1,,ORVIS,ORVIS,Oregon Vocational Interest Scales,Creativity/Originality,創造力/原創性,
4,CREATIVITY_OPENNESS_01,創造力與開放性,評估創造力、學習能力與開放性，聚焦創造力與學習相關特質，適合教育評估、創意產業,48,成為藝術家或建築師。,0.880,1,,ORVIS,ORVIS,Oregon Vocational Interest Scales,Creativity/Originality,創造力/原創性,
4,CREATIVITY_OPENNESS_01,創造力與開放性,評估創造力、學習能力與開放性，聚焦創造力與學習相關特質，適合教育評估、創意產業,49,我完成很多工作。,0.820,1,H554,6FPQ,六因素人格問卷,Six-Factor Personality Questionnaire,Achievement-striving,成就追求,
4,CREATIVITY_OPENNESS_01,創造力與開放性,評估創造力、學習能力與開放性，聚焦創造力與學習相關特質，適合教育評估、創意產業,50,我能說服他人做事。,0.850,1,H1137,6FPQ,六因素人格問卷,Six-Factor Personality Questionnaire,Extraversion,外向性,
5,COMPREHENSIVE_PERSONALITY_01,全面人格評估,多維度全面人格評估，最全面的人格評估，涵蓋多個理論模型，適合深度人格分析、研究用途,1,我很少生氣。,0.910,1,X231,NEO5-20,NEO五因素人格量表-20題,NEO Five-Factor Inventory - 20 items,Neuroticism,神經質,
5,COMPREHENSIVE_PERSONALITY_01,全面人格評估,多維度全面人格評估，最全面的人格評估，涵蓋多個理論模型，適合深度人格分析、研究用途,2,我比大多數人更有能力。,0.810,1,P469,HEXACO_PI,HEXACO人格量表,HEXACO Personality Inventory,Modesty/Humility,謙虛/謙遜,
5,COMPREHENSIVE_PERSONALITY_01,全面人格評估,多維度全面人格評估，最全面的人格評估，涵蓋多個理論模型，適合深度人格分析、研究用途,3,計劃廣告活動。,0.870,1,,ORVIS,ORVIS,Oregon Vocational Interest Scales,Leadership,領導力,
5,COMPREHENSIVE_PERSONALITY_01,全面人格評估,多維度全面人格評估，最全面的人格評估，涵蓋多個理論模型，適合深度人格分析、研究用途,4,我喜愛閱讀有挑戰性的材料。,0.930,1,X211,Cacioppo1982,認知需求量表,"Need for Cognition Scale (Cacioppo, 1982)",Need for Cognition,認知需求,
5,COMPREHENSIVE_PERSONALITY_01,全面人格評估,多維度全面人格評估，最全面的人格評估，涵蓋多個理論模型，適合深度人格分析、研究用途,5,行為狂野瘋狂。,0.750,1,H871,7FACTOR,七因素量表,Seven-Factor Scale,Conscientiousness,盡責性,
5,COMPREHENSIVE_PERSONALITY_01,全面人格評估,多維度全面人格評估，最全面的人格評估，涵蓋多個理論模型，適合深度人格分析、研究用途,6,我只是個普通人。,0.810,1,Q103,HEXACO_PI,HEXACO人格量表,HEXACO Personality Inventory,Modesty/Humility,謙虛/謙遜,
5,COMPREHENSIVE_PERSONALITY_01,全面人格評估,多維度全面人格評估，最全面的人格評估，涵蓋多個理論模型，適合深度人格分析、研究用途,7,我喜愛想出新的做事方法。,0.930,1,X225,Cacioppo1982,認知需求量表,"Need for Cognition Scale (Cacioppo, 1982)",Need for Cognition,認知需求,
5,COMPREHENSIVE_PERSONALITY_01,全面人格評估,多維度全面人格評估，最全面的人格評估，涵蓋多個理論模型，適合深度人格分析、研究用途,8,我違反規則。,0.750,1,H1346,7FACTOR,七因素量表,Seven-Factor Scale,Conscientiousness,盡責性,
5,COMPREHENSIVE_PERSONALITY_01,全面人格評估,多維度全面人格評估，最全面的人格評估，涵蓋多個理論模型，適合深度人格分析、研究用途,9,我對一切都挑剔。,0.770,1,H1067,7FACTOR,七因素量表,Seven-Factor Scale,Agreeableness,親和性,
5,COMPREHENSIVE_PERSONALITY_01,全面人格評估,多維度全面人格評估，最全面的人格評估，涵蓋多個理論模型，適合深度人格分析、研究用途,10,我很容易交朋友。,0.820,1,H29,7FACTOR,七因素量表,Seven-Factor Scale,Extraversion,外向性,
5,COMPREHENSIVE_PERSONALITY_01,全面人格評估,多維度全面人格評估，最全面的人格評估，涵蓋多個理論模型，適合深度人格分析、研究用途,11,我能處理大量資訊。,0.930,1,H1322,Cacioppo1982,認知需求量表,"Need for Cognition Scale (Cacioppo, 1982)",Need for Cognition,認知需求,
5,COMPREHENSIVE_PERSONALITY_01,全面人格評估,多維度全面人格評估，最全面的人格評估，涵蓋多個理論模型，適合深度人格分析、研究用途,12,我相信法律應該嚴格執行。,0.750,1,,7FACTOR,七因素量表,Seven-Factor Scale,Conscientiousness,盡責性,
5,COMPREHENSIVE_PERSONALITY_01,全面人格評估,多維度全面人格評估，最全面的人格評估，涵蓋多個理論模型，適合深度人格分析、研究用途,13,我避免閱讀困難的材料。,0.930,1,X109,Cacioppo1982,認知需求量表,"Need for Cognition Scale (Cacioppo, 1982)",Need for Cognition,認知需求,
5,COMPREHENSIVE_PERSONALITY_01,全面人格評估,多維度全面人格評估，最全面的人格評估，涵蓋多個理論模型，適合深度人格分析、研究用途,14,成為州長或參議員。,0.870,1,,ORVIS,ORVIS,Oregon Vocational Interest Scales,Leadership,領導力,
5,COMPREHENSIVE_PERSONALITY_01,全面人格評估,多維度全面人格評估，最全面的人格評估，涵蓋多個理論模型，適合深度人格分析、研究用途,15,做影響很多人的決定。,0.870,1,,ORVIS,ORVIS,Oregon Vocational Interest Scales,Leadership,領導力,
5,COMPREHENSIVE_PERSONALITY_01,全面人格評估,多維度全面人格評估，最全面的人格評估，涵蓋多個理論模型，適合深度人格分析、研究用途,16,我吹噓自己的美德。,0.810,1,H746,HEXACO_PI,HEXACO人格量表,HEXACO Personality Inventory,Modesty/Humility,謙虛/謙遜,
5,COMPREHENSIVE_PERSONALITY_01,全面人格評估,多維度全面人格評估，最全面的人格評估，涵蓋多個理論模型，適合深度人格分析、研究用途,17,我讓人們感到自在。,0.770,1,H107,7FACTOR,七因素量表,Seven-Factor Scale,Agreeableness,親和性,
5,COMPREHENSIVE_PERSONALITY_01,全面人格評估,多維度全面人格評估，最全面的人格評估，涵蓋多個理論模型，適合深度人格分析、研究用途,18,我能快速理解事物。,0.930,1,X100,Cacioppo1982,認知需求量表,"Need for Cognition Scale (Cacioppo, 1982)",Need for Cognition,認知需求,
5,COMPREHENSIVE_PERSONALITY_01,全面人格評估,多維度全面人格評估，最全面的人格評估，涵蓋多個理論模型，適合深度人格分析、研究用途,19,成為大公司的執行長。,0.870,1,,ORVIS,ORVIS,Oregon Vocational Interest Scales,Leadership,領導力,
5,COMPREHENSIVE_PERSONALITY_01,全面人格評估,多維度全面人格評估，最全面的人格評估，涵蓋多個理論模型，適合深度人格分析、研究用途,20,我坦誠表達自己的感受。,0.820,1,X148,7FACTOR,七因素量表,Seven-Factor Scale,Extraversion,外向性,
5,COMPREHENSIVE_PERSONALITY_01,全面人格評估,多維度全面人格評估，最全面的人格評估，涵蓋多個理論模型，適合深度人格分析、研究用途,21,如果有機會的話我可能會炫耀。,0.810,1,P441,HEXACO_PI,HEXACO人格量表,HEXACO Personality Inventory,Modesty/Humility,謙虛/謙遜,
5,COMPREHENSIVE_PERSONALITY_01,全面人格評估,多維度全面人格評估，最全面的人格評估，涵蓋多個理論模型，適合深度人格分析、研究用途,22,說服他人改變觀點。,0.870,1,,ORVIS,ORVIS,Oregon Vocational Interest Scales,Leadership,領導力,
5,COMPREHENSIVE_PERSONALITY_01,全面人格評估,多維度全面人格評估，最全面的人格評估，涵蓋多個理論模型，適合深度人格分析、研究用途,23,我話不多。,0.820,1,X56,7FACTOR,七因素量表,Seven-Factor Scale,Extraversion,外向性,
5,COMPREHENSIVE_PERSONALITY_01,全面人格評估,多維度全面人格評估，最全面的人格評估，涵蓋多個理論模型，適合深度人格分析、研究用途,24,我對他人的問題不感興趣。,0.770,1,X227,7FACTOR,七因素量表,Seven-Factor Scale,Agreeableness,親和性,
5,COMPREHENSIVE_PERSONALITY_01,全面人格評估,多維度全面人格評估，最全面的人格評估，涵蓋多個理論模型，適合深度人格分析、研究用途,25,我侮辱他人。,0.770,1,H1103,7FACTOR,七因素量表,Seven-Factor Scale,Agreeableness,親和性,
5,COMPREHENSIVE_PERSONALITY_01,全面人格評估,多維度全面人格評估，最全面的人格評估，涵蓋多個理論模型，適合深度人格分析、研究用途,26,我喜歡誇大我的煩惱。,0.720,1,V305,VIA,VIA性格優勢量表,Values in Action Inventory of Strengths,Honesty/Integrity/Authenticity,誠實/正直/真實性,
5,COMPREHENSIVE_PERSONALITY_01,全面人格評估,多維度全面人格評估，最全面的人格評估，涵蓋多個理論模型，適合深度人格分析、研究用途,27,我難以表達自己的感受。,0.820,1,X97,7FACTOR,七因素量表,Seven-Factor Scale,Extraversion,外向性,
5,COMPREHENSIVE_PERSONALITY_01,全面人格評估,多維度全面人格評估，最全面的人格評估，涵蓋多個理論模型，適合深度人格分析、研究用途,28,我經常感到憂鬱。,0.910,1,X74,NEO5-20,NEO五因素人格量表-20題,NEO Five-Factor Inventory - 20 items,Neuroticism,神經質,
5,COMPREHENSIVE_PERSONALITY_01,全面人格評估,多維度全面人格評估，最全面的人格評估，涵蓋多個理論模型，適合深度人格分析、研究用途,29,我在壓力下保持冷靜。,0.910,1,X79,NEO5-20,NEO五因素人格量表-20題,NEO Five-Factor Inventory - 20 items,Neuroticism,神經質,
5,COMPREHENSIVE_PERSONALITY_01,全面人格評估,多維度全面人格評估，最全面的人格評估，涵蓋多個理論模型，適合深度人格分析、研究用途,30,我喜歡解決複雜的問題。,0.930,1,X201,Cacioppo1982,認知需求量表,"Need for Cognition Scale (Cacioppo, 1982)",Need for Cognition,認知需求,
5,COMPREHENSIVE_PERSONALITY_01,全面人格評估,多維度全面人格評估，最全面的人格評估，涵蓋多個理論模型，適合深度人格分析、研究用途,31,成為會議的司儀。,0.870,1,,ORVIS,ORVIS,Oregon Vocational Interest Scales,Leadership,領導力,
5,COMPREHENSIVE_PERSONALITY_01,全面人格評估,多維度全面人格評估，最全面的人格評估，涵蓋多個理論模型，適合深度人格分析、研究用途,32,我容易激動。,0.890,1,Q77,BFAS,大五人格簡短量表,Big Five Aspect Scales,Neuroticism,神經質,
5,COMPREHENSIVE_PERSONALITY_01,全面人格評估,多維度全面人格評估，最全面的人格評估，涵蓋多個理論模型，適合深度人格分析、研究用途,33,組織政治競選活動。,0.870,1,,ORVIS,ORVIS,Oregon Vocational Interest Scales,Leadership,領導力,
5,COMPREHENSIVE_PERSONALITY_01,全面人格評估,多維度全面人格評估，最全面的人格評估，涵蓋多個理論模型，適合深度人格分析、研究用途,34,我容易生氣。,0.890,1,"H754, X18",BFAS,大五人格簡短量表,Big Five Aspect Scales,Neuroticism,神經質,
5,COMPREHENSIVE_PERSONALITY_01,全面人格評估,多維度全面人格評估，最全面的人格評估，涵蓋多個理論模型，適合深度人格分析、研究用途,35,我相信自己比他人優越。,0.810,1,"H736, X61",HEXACO_PI,HEXACO人格量表,HEXACO Personality Inventory,Modesty/Humility,謙虛/謙遜,
5,COMPREHENSIVE_PERSONALITY_01,全面人格評估,多維度全面人格評估，最全面的人格評估，涵蓋多個理論模型，適合深度人格分析、研究用途,36,讓重要的事情發生。,0.870,1,,ORVIS,ORVIS,Oregon Vocational Interest Scales,Leadership,領導力,
5,COMPREHENSIVE_PERSONALITY_01,全面人格評估,多維度全面人格評估，最全面的人格評估，涵蓋多個理論模型，適合深度人格分析、研究用途,37,我從不詞窮。,0.820,1,,7FACTOR,七因素量表,Seven-Factor Scale,Extraversion,外向性,
5,COMPREHENSIVE_PERSONALITY_01,全面人格評估,多維度全面人格評估，最全面的人格評估，涵蓋多個理論模型，適合深度人格分析、研究用途,38,我做瘋狂的事情。,0.750,1,H870,7FACTOR,七因素量表,Seven-Factor Scale,Conscientiousness,盡責性,
5,COMPREHENSIVE_PERSONALITY_01,全面人格評估,多維度全面人格評估，最全面的人格評估，涵蓋多個理論模型，適合深度人格分析、研究用途,39,我以半吊子的方式做事。,0.750,1,H1413,7FACTOR,七因素量表,Seven-Factor Scale,Conscientiousness,盡責性,
5,COMPREHENSIVE_PERSONALITY_01,全面人格評估,多維度全面人格評估，最全面的人格評估，涵蓋多個理論模型，適合深度人格分析、研究用途,40,我有顆柔軟的心。,0.770,1,X177,7FACTOR,七因素量表,Seven-Factor Scale,Agreeableness,親和性,
5,COMPREHENSIVE_PERSONALITY_01,全面人格評估,多維度全面人格評估，最全面的人格評估，涵蓋多個理論模型，適合深度人格分析、研究用途,41,在公開會議上辯論主題。,0.870,1,,ORVIS,ORVIS,Oregon Vocational Interest Scales,Leadership,領導力,
5,COMPREHENSIVE_PERSONALITY_01,全面人格評估,多維度全面人格評估，最全面的人格評估，涵蓋多個理論模型，適合深度人格分析、研究用途,42,我難以理解抽象概念。,0.930,1,X176,Cacioppo1982,認知需求量表,"Need for Cognition Scale (Cacioppo, 1982)",Need for Cognition,認知需求,
5,COMPREHENSIVE_PERSONALITY_01,全面人格評估,多維度全面人格評估，最全面的人格評估，涵蓋多個理論模型，適合深度人格分析、研究用途,43,我按規矩做事。,0.750,1,H250,7FACTOR,七因素量表,Seven-Factor Scale,Conscientiousness,盡責性,
5,COMPREHENSIVE_PERSONALITY_01,全面人格評估,多維度全面人格評估，最全面的人格評估，涵蓋多個理論模型，適合深度人格分析、研究用途,44,我只需要解釋一次。,0.930,1,H1311,Cacioppo1982,認知需求量表,"Need for Cognition Scale (Cacioppo, 1982)",Need for Cognition,認知需求,
5,COMPREHENSIVE_PERSONALITY_01,全面人格評估,多維度全面人格評估，最全面的人格評估，涵蓋多個理論模型，適合深度人格分析、研究用途,45,我能感受他人的情緒。,0.770,1,E136,7FACTOR,七因素量表,Seven-Factor Scale,Agreeableness,親和性,
5,COMPREHENSIVE_PERSONALITY_01,全面人格評估,多維度全面人格評估，最全面的人格評估，涵蓋多個理論模型，適合深度人格分析、研究用途,46,我為自己不誇大自己是誰或是什麼感到自豪。,0.720,0,V231,VIA,VIA性格優勢量表,Values in Action Inventory of Strengths,Honesty/Integrity/Authenticity,誠實/正直/真實性,
5,COMPREHENSIVE_PERSONALITY_01,全面人格評估,多維度全面人格評估，最全面的人格評估，涵蓋多個理論模型，適合深度人格分析、研究用途,47,我避免哲學討論。,0.930,1,X248,Cacioppo1982,認知需求量表,"Need for Cognition Scale (Cacioppo, 1982)",Need for Cognition,認知需求,
5,COMPREHENSIVE_PERSONALITY_01,全面人格評估,多維度全面人格評估，最全面的人格評估，涵蓋多個理論模型，適合深度人格分析、研究用途,48,領導他人。,0.870,1,,ORVIS,ORVIS,Oregon Vocational Interest Scales,Leadership,領導力,
5,COMPREHENSIVE_PERSONALITY_01,全面人格評估,多維度全面人格評估，最全面的人格評估，涵蓋多個理論模型，適合深度人格分析、研究用途,49,我容易感到威脅。,0.890,1,H612,BFAS,大五人格簡短量表,Big Five Aspect Scales,Neuroticism,神經質,
5,COMPREHENSIVE_PERSONALITY_01,全面人格評估,多維度全面人格評估，最全面的人格評估，涵蓋多個理論模型，適合深度人格分析、研究用途,50,我保留自己的意見。,0.820,1,H679,7FACTOR,七因素量表,Seven-Factor Scale,Extraversion,外向性,
